Column1,Column2,Column3,Column4,Column5
Titre,Entreprise,Localisation,Salaire,Contrat
Ingénieur informatique en prestation de services (ESN),Tana-Tech,Bordeaux,€34K - €50K(Employer est.),CDI
Ingénieure /Ingénieur Système Avionique - Aix-en-Provence,Capgemini Engineering,Aix-en-Provence,Non spécifié,CDI
Ingénieur en système d'information,Avenir Business Ressource,Télétravail,€35K(Employer est.),CDI
Ingénieur en développement informatique H/F,Pégase Market,Le Mans,€32K(Employer est.),CDI
Ingénieur Système - Analyseur en ligne PFTNA,Consept,Orly,€45K - €55K(Employer est.),CDI
Ingénieur Système - Analyseur en ligne PFTNA,Noury solutions (N-Solutions),Orly,€45K - €55K(Employer est.),CDI
Ingénieur Exploitation junior H/F,PAPREC,Saint-Benoît-la-Forêt,Non spécifié,CDI
Ingénieur Cybersécurité,Arsium,Villeurbanne,€45K - €55K(Employer est.),CDI
Ingénieur support logiciels métier,INFORMATIS,Suresnes,€40K - €50K(Employer est.),CDI
INGÉNIEUR EN INFORMATIQUE INDUSTRIELLE ET AUTOMATISME H/F,Eurométropole de Strasbourg,Strasbourg,Non spécifié,CDI
Ingénieur en informatique industrielle (H/F),SparkyFlow,Taverny,€45K - €50K(Employer est.),CDI
Ingénieur / Ingénieure Cybersécurité (H/F),SCHMIDT GROUPE,Sélestat,€45K - €55K(Employer est.),CDI
Ingénieur validation de données F/H,CLEARSY,Aix-en-Provence,€30K - €70K(Employer est.),CDI
Ingénieur Système Linux H/F,ABIL NTIC,Puteaux,€50K - €60K(Employer est.),CDI
Ingénieur Sécurité SI - H/F,Ramsay Santé,Cergy,Non spécifié,CDI
Ingénieur support production,OneSide Technologies,Levallois-Perret,Non spécifié,CDI
Ingénieur End-users devices,INFORMATIS,Boulogne-Billancourt,€46K - €55K(Employer est.),CDI
Ingénieur CyberSécurité,Ecm-Engineering-Conception-Maintenance,Paris,€40K - €60K(Employer est.),CDI
Ingénieur Support en Génie Logiciel H/F,ville-cholet.fr,Cholet,Non spécifié,CDI
Ingénieur DevSecOps H/F,LE TROT,Paris,€65K(Employer est.),CDI
Ingénieur Exploitation Junior (H/F),Groupe Ortec,Saint-Barthélemy-d'Anjou,Non spécifié,CDI
Ingénieur Fonctionnel Activ-Infinite H/F,Activus Group,Télétravail,€40K - €60K(Employer est.),CDI
Ingénieur Système F/H,KNDS,Versailles,Non spécifié,CDI
Ingénieure / Ingénieur support en application logistique - Strasbourg,Capgemini Engineering,Strasbourg,Non spécifié,CDI
Ingénieur photovoltaïque stockage H/F,VOLTALIA SA,Paris,Non spécifié,CDI
Ingénieur(e) d’études en conversion et stockage de l’énergie F/H,Eiffage Énergie Systèmes,Nantes,Non spécifié,CDI
Ingénieur Test Intégration Validation F/H,CRISTAL SOLUTIONS,Conflans-Sainte-Honorine,€35K - €50K(Employer est.),CDI
Ingénieur Support H/F,SMART AND CONNECTIVE,Valbonne,€35K(Employer est.),CDI
Ingénieur Administrateur Support,Nyou,Paris,€43K - €53K(Employer est.),CDI
Pentester / Ingénieur cybersécurité offensive / RedTeam,ZIWIT,Montpellier,€30K - €60K(Employer est.),CDI
Ingénieur en informatique (H/F),CNRS,Villeurbanne,€3K(Employer est.),CDD
Ingénieur en informatique dans l'expérience LHCb LPNHE/CPPM (H/F),CNRS,Paris,€3K - €4K(Employer est.),CDD
Ingénieur en électronique et informatique industrielle (H/F),SATT AxLR OCCITANIE MEDITERRANEE,Montpellier,€2K(Employer est.),CDD
"Ingénieur en informatique scientifique (analyse de données, hpc, ia) (H/F)",Université Paris-Saclay,Orsay,Non spécifié,CDD
Ingénieur(e) en cybersécurité F/H,Université de Rouen Normandie,Mont-Saint-Aignan,€2K(Employer est.),CDD
Ingénieur d’étude en Informatique H/F,UNIVERSITE DE PERPIGNAN,Tautavel,€24K - €28K(Employer est.),CDD
"Ingénieur, -e en calcul scientifique pour accélérer les modèles du système Terre (H/F)",CNRS,Guyancourt,€3K - €4K(Employer est.),CDD
CDD- Ingénieur Qualité Système - (H/F),Danone,Villefranche-sur-Saône,Non spécifié,CDD
Ingénieur microélectronique,Aix-Marseille Université,Marseille,€30K(Employer est.),CDD
Ingénieur Système Stockage et Virtualisation,Espritek,Toulon,€5K(Employer est.),CDD
Ingénieur Système H/F,Conseil MOA,Roissy-en-France,€46K - €55K(Employer est.),CDD
Ingénieur IA H/F,POSSON PACKAGING,Louailles,€25K - €29K(Employer est.),CDD
Ingénieur Base de données animaliers H/F,Université de Lorraine,Nancy,€2K(Employer est.),CDD
INGENIEUR SUPPORT PORTABLES SECURISES (F/H),Ministère de l'europe et des affaires étrangères,Nantes,€39K - €66K(Employer est.),CDD
IT Network Engineer,Tech Domain,Nantes,€15.22 - €38.91Per Hour(Employer est.),CDD
IT and Network Support Engineer,Tech Domain,France,€15.00 - €35.00Per Hour(Employer est.),CDD
Ingénieur Cloud GCP confirmé H/F,SCALESYS,Paris,Non spécifié,CDD
Network support Engineer,Tech Domain,Entraigues-sur-la-Sorgue,€30.00 - €35.00Per Hour(Employer est.),CDD
INGÉNIEUR ARCHITECTE INFRASTRUCTURE SI RECHERCHE (H/F) (Nouvelle fenêtre),POLE DIRECTION,Bron,Non spécifié,CDD
it support Engineer,Tech Domain,Paris,€30.00 - €35.00Per Hour(Employer est.),CDD
Network Engineer,Tech Domain,Lyon,€15.00 - €35.00Per Hour(Employer est.),CDD
Ingénieur de recherche (H/F) – Intelligence artificielle,ICM Institut du Cerveau,Paris,€42K(Employer est.),CDI
Ingénieur - Intelligence Artificielle embarquée H/F,IRT Railenium,Saint-Denis,€35K(Employer est.),CDI
Docteure / Docteur en intelligence artificielle,Capgemini Engineering,Antibes,Non spécifié,CDI
Ingénieur – Intelligence Artificielle embarquée H/F [29],Railenium,Saint-Denis,Non spécifié,CDI
Ingénieur en data management H/F,Société ENVIRPROD,Vernon,€36K - €38K(Employer est.),CDI
"Ingénieur.e R&D en Automatique, Contrôle commande, Mathématiques Appliquées F/H",Safran,Massy,Non spécifié,CDI
Docteure / Docteur en intelligence artificielle au service de l'environnement,Capgemini Engineering,Paris,Non spécifié,CDI
Ingénieur évaluation robotique / IA embarquée H/F,Laboratoire National de Métrologie et d'Essais (LNE),Trappes,Non spécifié,CDI
Ingénieur-e en validation et vérification FPGA F/H,Safran,Éragny,Non spécifié,CDI
INGÉNIEUR EN DÉVELOPPEMENT JAVA SPRING BOOT (H/F/X),IT link,Montpellier,€40K - €45K(Employer est.),CDI
Ingénieur d’Affaires H/F,Seenovate,Bordeaux,Non spécifié,CDI
Ingénieur de recherche en méthodes formelles (H/F),ONERA,Palaiseau,€40K - €60K(Employer est.),CDI
Ingénieur-e mécanique BE Parachutes F/H,Safran,Massy,Non spécifié,CDI
Ingénieur Qualité Client F/H,Safran,Mantes-la-Jolie,Non spécifié,CDI
Ingénieur-e développement logiciel embarqué F/H,Safran,Massy,Non spécifié,CDI
Ingénieur BI H/F – Strasbourg,HARA Solidarity Consulting,Strasbourg,Non spécifié,CDI
Ingénieur Qualité Fournisseur F/H,Safran,Besançon,Non spécifié,CDI
Ingénieur Projet H/F,FONCTION:SUPPORT,Grenoble,€28K - €33K(Employer est.),CDI
Jeune Docteur coordinatrice / coordinateur en IA et sciences de données TOULOUSE,Capgemini Engineering,Aix-en-Provence,Non spécifié,CDI
Docteure / Docteur en génie industriel,Capgemini Engineering,Toulouse,Non spécifié,CDI
Ingénieur Qualité Développement Aéronautique F/H,Safran,Massy,Non spécifié,CDI
INGÉNIEUR(E) EXPERT(E) EN TECHNOLOGIES DE L'INFORMATION (H/F),CNIL,Paris,€45K - €65K(Employer est.),CDI
INGÉNIEUR(E) IA AU SERVICE DE L’INTELLIGENCE ARTIFICIELLE (H/F),CNIL,Paris,€45K - €65K(Employer est.),CDI
Ingénieur-e Assurance Qualité Fournisseurs F/H,Safran,Auxerre,Non spécifié,CDI
Ingénieur-e Performance et Simulation Missile F/H,Safran,Éragny,Non spécifié,CDI
Ingénieur Logiciels Embarqués H/F,Activus Group,Lyon,Non spécifié,CDI
Docteure / Docteur en télédétection & computer vision - Toulouse,Capgemini Engineering,Toulouse,Non spécifié,CDI
Docteur coordinatrice / coordinateur en informatique et télécommunication,Capgemini Engineering,Paris,Non spécifié,CDI
Ingénieur Développement Fullstack - GO/VueJS,OneStock,Toulouse,Non spécifié,CDI
Ingénieur-e Assurance Qualité Production F/H,Safran,Auxerre,Non spécifié,CDI
Ingénieur de recherche en intelligence artificielle (f/h),Université Grenoble Alpes,Grenoble,€2K(Employer est.),CDD
Ingénieur Data Scientist / Développeur en Modélisation Statistique (H/F),Inria,Montbonnot-Saint-Martin,€3K(Employer est.),CDD
Post-doctorant en Bioinformatique et en Intelligence Artificielle (H/F),CNRS,Strasbourg,€3K - €4K(Employer est.),CDD
Ingénieur de recherche en génie logiciel pour les modèles émergents en IA H/F,CEA,Grenoble,Non spécifié,CDD
Chargé.e d’animation du Programme National de Recherche en Intelligence Artificielle,Inria,Le Chesnay,Non spécifié,CDD
Ingénieur IA H/F,POSSON PACKAGING,Louailles,€25K - €29K(Employer est.),CDD
INGENIEUR.E TRANSFERT MATHEMATIQUE (H/F),CNRS,Rennes,€3K(Employer est.),CDD
DATA SCIENTIST F/H,Civils de la Défense,Paris,Non spécifié,CDD
Coordinateur pédagogique H/F,GIPAL-Formation,Lyon,€24K(Employer est.),CDD
Assistant administratif (H/F),CNS Communications,Lyon,Non spécifié,CDD
Ingénieur Transfert H/F dans le cadre du PUI PSL INNOVATION,CNRS,Paris,€35K(Employer est.),CDD
Durabilité des conduites en galerie – Cas de la fonte grise et de la fonte ductile,ENGEES/ icube,Strasbourg,Non spécifié,CDD
Post-Doctorant F/H Flux de matières nationaux et internationaux des filières agri-alimentaires et empreintes environnementales associées,Inria,Montbonnot-Saint-Martin,€3K(Employer est.),CDD
Apprentissage profond pour une reconstruction explicable et efficiente d'IRM dynamiques // Deep Learning for Explainable and Efficient Dynamic MRI Reconstruction,Université Paris-Saclay GS Sciences de l'ingénierie et des systèmes,Orsay,Non spécifié,CDD
Modèle de langage et reconstruction 3D neurale pour la navigation autonome d'un robot H/F,CEA,Palaiseau,Non spécifié,CDD
"Ingénieur biomédical (H/F) Manager de l'exploitation, de projets biomédicaux et d'informatique biomédicale - GHRE",Site hospitalier Broussais,Saint-Malo,Non spécifié,CDD
Chargé de projet cofund demythif ai (H/F),Université Paris-Saclay,Gif-sur-Yvette,Non spécifié,CDD
CDD - Talent Acquisition Specialist H/F,Naval Group,Cherbourg-Octeville,Non spécifié,CDD
Directeur/ice adjoint/e du Challenge sur l’évaluation des systèmes d’IA d’usage général,Inria,Le Chesnay,Non spécifié,CDD
Responsable du service gestion financière des contrats F/H,Grenoble-INP,Grenoble,€3K(Employer est.),CDD
Post-doctorat : Développement librairie mathématiques Splines multi-niveaux H/F,CEA,Saclay,Non spécifié,CDD
Products & Systems Engineer,Capgemini Engineering,Paris,Non spécifié,CDI
Junior Power Systems Software Engineer,Artelys,Paris,Non spécifié,CDI
Software Engineer (trading) H/F,Constella,Courbevoie,Non spécifié,CDI
Systems Engineer F/H,Schneider Electric,Grenoble,Non spécifié,CDI
Process Engineer H/F,Elogen,Massy,Non spécifié,CDI
Products & Systems Engineer,Capgemini Engineering,Paris,Non spécifié,CDD
Junior Power Systems Software Engineer,Artelys,Paris,Non spécifié,CDD
Software Engineer (trading) H/F,Constella,Courbevoie,Non spécifié,CDD
Systems Engineer F/H,Schneider Electric,Grenoble,Non spécifié,CDD
Process Engineer H/F,Elogen,Massy,Non spécifié,CDD
Utilisation LLMs pour la spécification des politiques de partage des donnée - CDD - Paris-Saclay F/H,CEA,Palaiseau,Non spécifié,CDD
Machine Learning Research Scientist for Robotics,NAVER LABS Europe,Grenoble,Non spécifié,CDI
"Computer Vision ML, Data scientist",Sightengine,Télétravail,Non spécifié,CDI
STAGIAIRE DATA SCIENTIST F/H - Lutte contre la Fraude Machine Learning & Data Science,Malakoff Humanis,Paris,Non spécifié,CDI
Data Scientist H/F en STAGE ou ALTERNANCE,HIMYDATA,Uckange,Non spécifié,CDI
Data Scientist H/F,Cleeven Se,Biot,€25K - €40K(Employer est.),CDI
Analytics Engineer,Ornikar,Paris,€50K - €57K(Employer est.),CDD
Analytics Engineer - Data Analyst,Licorne Society,Paris,Non spécifié,CDD
Stage M2 - Data / Analytics Engineer H/F - Paris,AVISIA,Paris,Non spécifié,CDD
Analytics Engineer - CDD - Paris,papernest,Paris,Non spécifié,CDD
CDI - Analytics Engineer (F/H/X),Sephora,Neuilly-sur-Seine,Non spécifié,CDD
Data Engineer H/F - 2 ans d'expérience,Chouette,Paris,€45K(Employer est.),CDI
Data Engineer H/F,ULTRA PREMIUM DIRECT,Bordeaux,Non spécifié,CDI
Cloud Sustainability Engineer (H/F),CLOUD TEMPLE,Caen,Non spécifié,CDI
Offre de CDI de Data Engineer MLOps en audio,Reef Pulse,France,€40K - €55K(Employer est.),CDI
IT Infrastructure and Operations Manager,Alice & Bob,Paris,Non spécifié,CDI
Senior Cloud Architect / Devops,Sensewaves,Paris,Non spécifié,CDI
Ingénieur exploitation - h/f,CLS,Ramonville-Saint-Agne,Non spécifié,CDI
Post-Doctoral Research Visit F/M Control for frugality and resilience of software components: hierarchical and distributed approaches,Inria,Grenoble,Non spécifié,CDD
Stage – Développeur Cloud,SpikeeLabs,Nantes,Non spécifié,CDD
Alternance - Administrateur Solution Microsoft & Cloud (H/F),Clasquin,Lyon,Non spécifié,CDD
Alternant-e DevOps Cloud – H/F,Safran,Colomiers,Non spécifié,CDD
Ingénieur Production Cloud/DevOps – CDI (H/F),I-TRACING,Courbevoie,Non spécifié,CDD
Stage de développement application web,InnovQube,Télétravail,€1(Employer est.),CDD
Data Scientist H/F,I-facilities,Plaisir,€62K - €67K(Employer est.),CDI
STAGE - INTELLIGENCE ARTIFICIELLE ET DATA SCIENCE ...,Equans,Nantes,Non spécifié,CDI
Stage R&D- Ingénieur Data Science ou Informatique (H/F),Diagnostica Stago,Gennevilliers,Non spécifié,CDI
STAGE 2025 - Stage en data science LLM (ALL GENDER),Airbus Defence and Space SAS,Toulouse,Non spécifié,CDI
Data Science Intern,AUROBAC THERAPEUTICS,Lyon,Non spécifié,CDI
Data Scientist H/F,I-facilities,Plaisir,€62K - €67K(Employer est.),CDD
STAGE - INTELLIGENCE ARTIFICIELLE ET DATA SCIENCE ...,Equans,Nantes,Non spécifié,CDD
Stage R&D- Ingénieur Data Science ou Informatique (H/F),Diagnostica Stago,Gennevilliers,Non spécifié,CDD
STAGE 2025 - Stage en data science LLM (ALL GENDER),Airbus Defence and Space SAS,Toulouse,Non spécifié,CDD
Data Science Intern,AUROBAC THERAPEUTICS,Lyon,Non spécifié,CDD
Conseiller Services Assurance Maladie (H/F),CPAM DE LA COTE D'OPALE,Calais,€2K(Employer est.),CDI
Téléconseiller en assurance H/F,Owliance - Tessi,Reims,€2K(Employer est.),CDI
"Agent ou agente de la relation client bord, SVEA Amiens",SNCF Voyageurs,Amiens,€27K - €30K(Employer est.),CDI
Courtier en assurance H/F,Ben's finance & Insurance,Paris,€1K - €4K(Employer est.),CDI
SAISONNIERS EMPLOYÉ POLYVALENT MAGASIN H/F LE MANS,SMYTHS TOYS FRANCE,La Chapelle-Saint-Aubin,€21K(Employer est.),CDI
Conseiller Services Assurance Maladie (H/F),CPAM DE LA COTE D'OPALE,Calais,€2K(Employer est.),CDD
Téléconseiller en assurance H/F,Owliance - Tessi,Reims,€2K(Employer est.),CDD
"Agent ou agente de la relation client bord, SVEA Amiens",SNCF Voyageurs,Amiens,€27K - €30K(Employer est.),CDD
Courtier en assurance H/F,Ben's finance & Insurance,Paris,€1K - €4K(Employer est.),CDD
SAISONNIERS EMPLOYÉ POLYVALENT MAGASIN H/F LE MANS,SMYTHS TOYS FRANCE,La Chapelle-Saint-Aubin,€21K(Employer est.),CDD
Ingénieur Process & Amélioration Continue F/H,Barry Callebaut,Louviers,Non spécifié,CDI
Ingénieur électronique logiciel embarqué (H/F),SparkyFlow,Marseille,€37K - €44K(Employer est.),CDI
Ingénieur vision industrielle (H/F),SparkyFlow,Marseille,€37K - €44K(Employer est.),CDI
Ingénieur ou Ingénieure Essayeur Dépanneur,SNCF Cadres,Tergnier,€35K - €45K(Employer est.),CDI
Ingénieur généraliste (H/F),SparkyFlow,Marseille,€37K - €44K(Employer est.),CDI
Ingénieur en automatisme H/F,NOVAXIOM,Lyon,€32K - €48K(Employer est.),CDI
Ingénieur Automaticien H/F,NGen,Lyon,€35K - €47K(Employer est.),CDI
INGÉNIEURE/INGÉNIEUR AUTOMATICIEN PARIS,Capgemini Engineering,Paris,Non spécifié,CDI
Ingénieur Méthodes F/H - Nanterre 92,VINCI Energies Young Talents Days,Nanterre,Non spécifié,CDI
Ingénieur Automaticien et Roboticien F/H,Eiffage Énergie Systèmes,Mondeville,Non spécifié,CDI
Ingénieur Etudes H/F,PJE Consulting,Mulhouse,€60K - €70K(Employer est.),CDI
Ingénieur Électrotechnique F/H,ville-cholet.fr,Cholet,Non spécifié,CDI
Ingénieure / Ingénieur projet nucléaire,Capgemini Engineering,Lyon,Non spécifié,CDI
Ingénieur moyens de test F/H,Safran,Méru,Non spécifié,CDI
Ingénieur d'Etudes - Automatismes F/H,DEDIENNE AEROSPACE,Toulouse,€40K - €50K(Employer est.),CDI
Ingénieur Système Electrotechnique (H/F),CRDL,Étupes,Non spécifié,CDI
Ingénieur·e développement powertrain,CIXI,Poisy,Non spécifié,CDI
Ingénieur(e) automaticien(ne),Eiffage Énergie Systèmes,Clichy,Non spécifié,CDI
Ingénieur Électrotechnique H/F,ville-cholet.fr,Cholet,Non spécifié,CDI
Ingénieur études électriques F/H,B-HIVE,Paris,€35K - €40K(Employer est.),CDI
Ingénieur études électriques H/F,B-HIVE,Le Havre,Non spécifié,CDI
Ingénieur Automaticien Pharmaceutique - Strasbourg - F/H,Capgemini Engineering,Strasbourg,Non spécifié,CDI
Ingénieur en électronique H/F,Cabinet Alpes Compétences,Chambéry,€37K(Employer est.),CDI
Ingénieur bureau d'études (H/F),SNEF,Berre-l'Étang,Non spécifié,CDI
Ingénieur Maintenance H/F,NEWSLOT,Peynier,€30K - €37K(Employer est.),CDI
Ingénieure / Ingénieur d’Affaires,Rubix,Strasbourg,Non spécifié,CDI
Ingénieur équipements et maintenance (H/F),SparkyFlow,Peynier,€40K - €42K(Employer est.),CDI
Ingénieur métrologue électrique H/F,PRODIGYUS,Valenciennes,€30K - €50K(Employer est.),CDI
Ingénieur Assurance Qualité Fournisseur F/H,Mafelec,Chimilin,Non spécifié,CDI
Ingénieur Conception Schémas Électriques (aéronautique / défense),LR Technologies,Créteil,€38K - €44K(Employer est.),CDI
Assistant Ingénieur d'Exploitation d'Instrument (H/F),CNRS,Caen,€2K(Employer est.),CDD
Ingénieur.e en automatique / électronique F/H,SATT Aquitaine,Pau,€30K(Employer est.),CDD
Chargé/e de mission émergence innovations deeptech H/F,SATT Nord,Lille,Non spécifié,CDD
[UT] Responsable pôle méthodes (H/F),Université fédérale Toulouse Midi-Pyrénées,Toulouse,Non spécifié,CDD
Superviseur maintenance industrielle H/F - Usine de Dunkerque - CDD,Coca-Cola Europacific Partners,France,Non spécifié,CDD
Technicien de Maintenance Biomédicale H/F,Hospices Civils de Lyon - HCL,Lyon,Non spécifié,CDD
Technicien Supérieur d'Exploitation d'Instrument (H/F) réf N°393,Ganil,Caen,€2K(Employer est.),CDD
Ingénieur génie civil (H/F),Leaf Ingenierie,Boulogne-Billancourt,€30K - €60K(Employer est.),CDI
Ingénieur méthodes Terrassement - Génie Civil - CDI F/H,Eiffage,Penly,Non spécifié,CDI
Ingénieur méthodes F/H - Génie Civil Grands Projets - CDI,Eiffage,Saint-Jean-de-la-Porte,Non spécifié,CDI
Ingénieur d’Etudes Génie Civil F/H,Edvance,Montrouge,€39K - €48K(Employer est.),CDI
Ingénieur Génie Civil,Cleeven Se,Biot,€25K - €45K(Employer est.),CDI
Ingénieure/ Ingénieur chercheur en génie civil F/H,EDF,Saclay,€45K - €55K(Employer est.),CDI
Ingénieur Génie Civil - Matériaux F/H,Edvance,Montrouge,€43K - €50K(Employer est.),CDI
Ingénieur études Génie Civil H/F,ECP - Euro Contrôle Projet,Cherbourg-Octeville,Non spécifié,CDI
Ingénieur Génie Civil Conception Bâtiment F/H,Edvance,Montrouge,€40K - €48K(Employer est.),CDI
Ingénieur Génie Civil H/F,ADSOM,Paris,€35K(Employer est.),CDI
Ingénieur travaux - Génie Civil Ligne 15 - CDI F/H,Eiffage,Saint-Denis,Non spécifié,CDI
Ingénieure/Ingénieur Génie Civil - LYON,Capgemini Engineering,Lyon,Non spécifié,CDI
Ingénieur Calcul Structures Génie Civil (H/F),ADIWATT,Fontaine-Raoul,Non spécifié,CDI
Ingénieur en génie civil H/F,EFOR GROUP,Champagne-au-Mont-d'Or,€31K - €50K(Employer est.),CDI
Ingénieur méthodes Génie Civil H/F,ECP - Euro Contrôle Projet,Cherbourg-Octeville,Non spécifié,CDI
Ingénieur Génie Civil F/H,B-HIVE,Marseille,Non spécifié,CDI
Ingénieur méthodes - Génie Civil - CDI F/H,Eiffage,Vitrolles,Non spécifié,CDI
Chargé Développement Durable - Génie Civil - CDI F/H,Eiffage,Vélizy-Villacoublay,Non spécifié,CDI
Ingénieur génie civil H/F,Bee Engineering,Marseille,€33K - €45K(Employer est.),CDI
Chargé d’innovation - Génie Civil - CDI F/H,Eiffage,Vélizy-Villacoublay,Non spécifié,CDI
Assistant Bureau d'études Génie Civil H/F,Mansearch Recrutement,Brie-Comte-Robert,€33K - €38K(Employer est.),CDI
Ingénieur Reporting - Génie Civil Infra Linéaires - CDI F/H,Eiffage,Penly,Non spécifié,CDI
Ingénieur(e) travaux génie civil,UCETIA Consulting,La Garenne-Colombes,€34K - €45K(Employer est.),CDI
Ingénieur Projets Génie Civil - Structure Toulouse ou Paris,PertinAnce Technologies,Toulouse,€52K - €65K(Employer est.),CDI
Coordinateur études travaux - Génie Civil - CDI F/H,Eiffage,Neuilly-sur-Marne,Non spécifié,CDI
Ingénieur Génie Civil - Méthode BIM F/H,Edvance,Montrouge,€40K - €50K(Employer est.),CDI
Chargé.e d'études génie civil F/H,Cyclife engineering GROUPE EDF,Lyon,Non spécifié,CDI
Ingénieur Etudes de prix Génie Civil H/F,Groupe NGE,Libourne,Non spécifié,CDI
Responsable achats - Génie civil - CDI F/H,Eiffage,Penly,Non spécifié,CDI
Ingénieur(e) Etudes Génie Civil Industriel F/H,orano,Bagnols-sur-Cèze,Non spécifié,CDI
Ingénieur / Ingénieure en techniques biologiques (H/F),CNRS,Marseille,€2K - €3K(Employer est.),CDD
Assistant Ingénieur en techniques biologiques (H/F),CNRS,Gif-sur-Yvette,€2K - €3K(Employer est.),CDD
Ingénieur en techniques biologiques,Inserm,Nice,€2K(Employer est.),CDD
Ingénieur / Ingénieure en techniques biologiques du muscle (H/F),CNRS,Marseille,€2K - €3K(Employer est.),CDD
Ingénieur-e en techniques biologiques (H/F),CNRS,Paris,€2K - €3K(Employer est.),CDD
Ingénieur / ingénieure en techniques biologies (H/F),CNRS,Nice,€2K - €3K(Employer est.),CDD
Ingénieur-e en techniques biologiques,Inserm,Créteil,€2K(Employer est.),CDD
H/F Ingénieur en techniques biologiques,CNRS,Marseille,€3K - €4K(Employer est.),CDD
Ingénieur en techniques biologistes,Université du Littoral Côte d'Opale (ULCO),Boulogne-sur-Mer,€3K(Employer est.),CDD
Ingénieur en techniques biologiques (F/H),Université de Montpellier,Montpellier,€2K(Employer est.),CDD
Assistant Ingénieur en techniques et analyses biologiques,Inserm,Nice,€2K - €3K(Employer est.),CDD
Ingénieur-e en techniques biologiques,INRAE,Lyon,€2K(Employer est.),CDD
Ingénieur.e d'études en techniques biologiques (H/F),Inserm,Montpellier,€2K(Employer est.),CDD
Ingénieur structure métallique,GROUPE BK,Valence,Non spécifié,CDD
Ingénieur d'études en techniques biologiques (H/F),CNRS,Valbonne,€2K - €3K(Employer est.),CDD
Ingénieur structures architecturées 12 mois (H/F),ONERA,Châtillon,€40K - €55K(Employer est.),CDD
Conducteur de travaux H/F,Descamps-isofis,Saint-Étienne,€40K - €42K(Employer est.),CDD
Ingénieur d'étude en techniques de spectroscopie d’absorption (H/F),CNRS,Saint-Martin-d'Hères,€2K(Employer est.),CDD
Assistant(e) ingénieur(e) en instrumentation et techniques expérimentale H/F,CNRS,Orléans,€2K - €3K(Employer est.),CDD
Ingénieur stagiaire H/F - relation structure propriétés résines méthacrylates,ENSTA bretagne,Brest,Non spécifié,CDD
Ingénieur·e en techniques expérimentales H/F,Université de Lille,Tourcoing,€3K(Employer est.),CDD
Conducteur de travaux H/F,supm,Le Havre,€40K - €42K(Employer est.),CDD
Conducteur de travaux H/F,Entreprise générale de bâtiment,Courbevoie,€25K - €35K(Employer est.),CDD
Conducteur de travaux H/F,L'Heudé & Associés,Orléans,Non spécifié,CDD
Assistante ingénieur en instrumentation et techniques expérimentales (H/F),CNRS,Orsay,€2K - €3K(Employer est.),CDD
Ingénieur en techniques d'expérimentation animale (H/F),Université Claude Bernard Lyon 1,Lyon,€2K - €3K(Employer est.),CDD
Conducteur de travaux second oeuvre (H/F),SARL MANFRÉ,Toulouse,€2K - €3K(Employer est.),CDD
Assistant conducteur travaux H/F,Orzy Construction,Vedène,€24K - €27K(Employer est.),CDD
Conducteur de travaux (Cierp-Gaud - 31) - H/F,Office National des Forêts,Cierp-Gaud,€32K(Employer est.),CDD
Conducteur de travaux H/F,MV2 Architectes,Lille,€32K - €45K(Employer est.),CDD
Ingénieur évaluation robotique / IA embarquée H/F,Laboratoire National de Métrologie et d'Essais (LNE),Trappes,Non spécifié,CDI
Ingénieur Automatisme-Robotique H/F,DATATECHNIC,Uxegney,Non spécifié,CDI
Ingénieur robotique (H/F),SparkyFlow,Taverny,€45K - €50K(Employer est.),CDI
Ingénieur Robotique F/H,CTS Corporate,Eysines,€40K(Employer est.),CDI
Ingénieur d’étude en logiciel embarqué junior,MICROTEC,Ramonville-Saint-Agne,€36K - €40K(Employer est.),CDI
Ingénieur C++/QT/3D - Robotique/Editeur de logiciel - Paris - H/F,EP SERVICES,Paris,€50K - €60K(Employer est.),CDI
"Ingénieur Automatisme / Robotique (SIEMENS, TIA Portal, Anglais)-H/F",Twenty One Talents,Paris,€30K - €50K(Employer est.),CDI
Ingénieur en robotique et automatisme H/F,WKW France,Valréas,€40K - €48K(Employer est.),CDI
Ingénieur.e de Maintenance en Robotique,Enchanted Tools,Paris,Non spécifié,CDI
Ingénieur.e de Maintenance Terrain en Robotique,Enchanted Tools,Paris,Non spécifié,CDI
Ingénieur performance système robotique,Exotec,Lille,Non spécifié,CDI
Ingénieur en robotique mobile : Data Scientist et développement C/C++ (F/H),KNDS,Versailles,Non spécifié,CDI
technicien robotique (H/F),SparkyFlow,Taverny,€45K - €50K(Employer est.),CDI
Ingénieur C++/QT/3D - Robotique/Editeur de logiciel - Paris - H/F,PGA Easy Partner,Paris,€50K - €60K(Employer est.),CDI
Ingénieur·e développement logiciel 3D/Robotique,Alma,Saint-Martin-d'Hères,Non spécifié,CDI
Ingénieur Etudes Electricité Courant faible,Energeo Technologies,Saint-Denis,€45K - €60K(Employer est.),CDI
INGÉNIEURE/INGÉNIEUR AUTOMATICIEN PARIS,Capgemini Engineering,Paris,Non spécifié,CDI
Ingénieur DevOps,LR Technologies,Massy,€43K - €50K(Employer est.),CDI
Ingénieur Industrialisation et Méthodes H/F,Talex Recrutement,Angers,€32K - €45K(Employer est.),CDI
Ingénieur Système F/H,KNDS,Versailles,Non spécifié,CDI
Ingénieur Automaticien et Roboticien F/H,Eiffage Énergie Systèmes,Mondeville,Non spécifié,CDI
Ingénieur modélisation thermodynamique,Energeo Technologies,Saint-Rémy-lès-Chevreuse,€45K - €56K(Employer est.),CDI
Ingénieur Mécatronique,SFE - AXXAIR,Étoile-sur-Rhône,€30K(Employer est.),CDI
Ingénieur IVVQ Logiciel (aéronautique),LR Technologies,Créteil,€42K - €50K(Employer est.),CDI
Ingénieur réseau,LR Technologies Sud Est,Avignon,€40K - €45K(Employer est.),CDI
Développeur(se) PHP Laravel junior - Robotique Iot - Paris (H/F),EP SERVICES,Créteil,€45K - €50K(Employer est.),CDI
Ingénieur automatisme et contrôle-commande,Energeo Technologies,Saint-Rémy-lès-Chevreuse,€43K - €53K(Employer est.),CDI
Ingénieur Développement Logiciel Tests et Outillage - H/F,EXAIL,Saint-Germain-en-Laye,Non spécifié,CDI
Ingénieur Automatisme / Informatique Industrielle (F / H),ACNS,Milly-la-Forêt,Non spécifié,CDI
Ingénieur conception mécanique H/F,NGen,Lyon,€30K - €45K(Employer est.),CDI
Ingénieur / Ingénieure Robotique,Inria,Paris,Non spécifié,CDD
Ingénieur R&D ROBOTIQUE COBOTIQUE (H/F),IRT Jules VERNE,Nantes,Non spécifié,CDD
Ingénieur (H/F),CNRS,Toulouse,€2K - €3K(Employer est.),CDD
Ingénieur en microrobotique pour l'exploration spatiale (H/F),CNRS,Montbéliard,€3K(Employer est.),CDD
Ingénieur en électronique et informatique industrielle (H/F),SATT AxLR OCCITANIE MEDITERRANEE,Montpellier,€2K(Employer est.),CDD
Doctorant(e) (H/F),CNRS,Montpellier,€2K(Employer est.),CDD
Ingénieur électronique hardware,GROUPE BK,Rennes,Non spécifié,CDD
Ingénieur Système H/F,Conseil MOA,Roissy-en-France,€46K - €55K(Employer est.),CDD
chef de projet robotique (F/H)/ Plateforme station H,Hospice Civil de Lyon,Lyon,Non spécifié,CDD
Chargé du partenariat et de la valorisation de la recherche (H/F),CNRS,Toulouse,€2K - €3K(Employer est.),CDD
Ingénieur maintenance lithographie H/F,CEA,Grenoble,Non spécifié,CDD
Design et microfabrication de capteur de pression sans fil pour la mesure de pression intracranienne,LAAS CNRS,Toulouse,€569(Employer est.),CDD
Modèle de langage et reconstruction 3D neurale pour la navigation autonome d'un robot H/F,CEA,Palaiseau,Non spécifié,CDD
Assistant de vie professionnel H/F pour assister un développeur web,SO'Lifes,Montpellier,€13.00Per Hour(Employer est.),CDD
Ingénieur Conception Mécanique (F/H),Roxel,Saint-Médard-en-Jalles,€39K(Employer est.),CDD
Assistant ingénieur en réalisation mécanique (H/F),CNRS,Villeneuve-d'Ascq,€2K(Employer est.),CDD
Ingénieur Matériaux F/H,Axon Cable,Montmirail,€33K(Employer est.),CDD
Ingénieur.e Conception Mécanique Mécatronique Confirmé.e,STELLAR ATHLETE,Metz,€45K - €50K(Employer est.),CDD
Ingénieur qualité production & méthode F/H,Safran,Plaisir,Non spécifié,CDD
Ingénieur - Conception de vélo générateur d'électricité,PLANETE WEI,Fleurieu-sur-Saône,€15.00Per Hour(Employer est.),CDD
Assistant Ingénieur (H/F),CNRS,Villers-lès-Nancy,€2K(Employer est.),CDD
Ingénieur de recherche en mécanique numérique H/F,CNRS,Grenoble,€3K(Employer est.),CDD
Ingénieur (H/F),CNRS,Guyancourt,€3K(Employer est.),CDD
H/F Ingénieur en études mécaniques,CNRS,Marseille,€3K - €4K(Employer est.),CDD
Ingénieur-e en études mécaniques (pour l’instrumentation spatiale H/F),CNRS,Paris,€2K - €3K(Employer est.),CDD
Stagiaire Ingénieur(e) en électronique et systèmes généraliste H/F,Xenocs,Grenoble,Non spécifié,CDD
Ingénieur en microrobotique pour l'exploration spatiale (H/F),CNRS,Montbéliard,€3K(Employer est.),CDD
Ingénieur Responsable Intégration Mécanique H/F,COMAT,Versailles,Non spécifié,CDD
Ingénieur bureau d'étude mécanique,GROUPE BK,Peyrolles-en-Provence,Non spécifié,CDD
Ingénieur Assurance Qualité Projet H/F,Aerosoft France,Paris,Non spécifié,CDD
Ingénieur chef de projets Industrialisation F/H,Axon Cable,Montmirail,€33K(Employer est.),CDD
CDD - Ingénieur Méthodes et Procédés - Hermès Maroquinerie-Sellerie (H/F),Hermès Paris,Pantin,Non spécifié,CDD
"Ingénieur en conception, modélisation thermique et instrumentation scientififique H/F",CNRS,Pessac,€2K - €3K(Employer est.),CDD
Doctorant(e) (H/F),CNRS,Montpellier,€2K(Employer est.),CDD
Technicien BE concepteur mécanique H/F,SIAM,Daumeray,Non spécifié,CDD
Ingénieur Développement de dispositifs médicaux implantables H/F,CEA,Grenoble,Non spécifié,CDD
ingénieur de recherche spécialisé en optique ou microscopie H/F,CNRS,Paris,€3K(Employer est.),CDD
Assistant Ingénieur d'Exploitation d'Instrument (H/F),CNRS,Caen,€2K(Employer est.),CDD
Ingénieur de recherche en développement logiciel HPC (H/F),CNRS,Annecy,Non spécifié,CDD
Ingénieur Process Expert F/H,Adionics,Les Ulis,Non spécifié,CDD
Ingénieur en instrumentation pour l'interférométrie d'intensité stellaire (H/F),CNRS,Nice,€3K - €4K(Employer est.),CDD
Ingénieur de recherche /Post-doctorant Mécanique des fluides (Research/Post-doc position)es (H/F),ARMINES CEEP,Versailles,Non spécifié,CDD
Ingénieur structures architecturées 12 mois (H/F),ONERA,Châtillon,€40K - €55K(Employer est.),CDD
Etude de gel de paramylon pour leur impression 3D,GEPEA - ONIRIS,Nantes,Non spécifié,CDD
Ingénieur industriel / méthodes,STEP UP,Toulouse,€40K - €45K(Employer est.),CDI
Ingénieur industriel (F/H),Roxel,Bourges,€39K(Employer est.),CDI
Ingénieur Industriel pharmaceutique/dispositifs médicaux,VIQI,Paris,Non spécifié,CDI
Ingénieur(e) R&D Biomédical Junior,VIQI,Paris,Non spécifié,CDI
Ingénieur méthodes/Ingénieure méthodes,PRYSMIAN ENERGIE CABLES ET SYSTEMES FRANCE,Cornimont,Non spécifié,CDI
Ingénieur qualité / amélioration continue,ETS MOULIN,Novillers,€36K - €38K(Employer est.),CDI
Ingénieur développement logiciel H/F,Technology & Strategy,Toulon,€38K - €50K(Employer est.),CDI
Ingénieur Process & Amélioration Continue F/H,Barry Callebaut,Louviers,Non spécifié,CDI
Ingénieur - Intelligence Artificielle embarquée H/F,IRT Railenium,Saint-Denis,€35K(Employer est.),CDI
Ingénieur calcul éléments finis H/F,IMF Ingénierie,Villers-lès-Nancy,€32K - €42K(Employer est.),CDI
Ingénieur(e) en automatisme industriel,UCETIA Consulting,La Garenne-Colombes,€34K - €45K(Employer est.),CDI
Ingénieur Junior HVAC et Fluides (H/F),Ingenica,Sérézin-du-Rhône,Non spécifié,CDI
Ingénieur logistique (H/F),Lisi Aerospace,Saint-Ouen-l'Aumône,Non spécifié,CDI
Ingénieur calcul H/F,SC MECA INGENIERIE,Vandoeuvre-lès-Nancy,€32K - €40K(Employer est.),CDI
Ingénieur Management de projet Industriel H/F,E-Search,Paris,€80K(Employer est.),CDI
Ingénieur Méthodes valorisation du Biogaz H/F,TotalEnergies,Nantes,Non spécifié,CDI
CDI – Ingénieur de production industriel Ariane 6 (H/F),Ariane Group,Les Mureaux,Non spécifié,CDI
Ingénieur systèmes en électronique embarquée H/F,HENSOLDT France,Plaisir,€50K(Employer est.),CDI
Ingénieur Exploitation junior H/F,PAPREC,Saint-Benoît-la-Forêt,Non spécifié,CDI
Ingénieur,CLEARSY,Lyon,€30K - €50K(Employer est.),CDI
Ingénieur Qualité H/F,OREST GROUP,Erstein,€39K - €46K(Employer est.),CDI
Ingénieur qualité industrielle,SOCASS - Société d'Assistance de Service et de Support,Trémery,€34K - €38K(Employer est.),CDI
Ingénieur(e) Applicatif industriel (H/F),Zach System,Avrillé,Non spécifié,CDI
Ingénieur/ Ingénieure Supply Chain_ Toulouse,Capgemini Engineering,Toulouse,Non spécifié,CDI
Ingénieur évaluation robotique / IA embarquée H/F,Laboratoire National de Métrologie et d'Essais (LNE),Trappes,Non spécifié,CDI
Ingénieur électronique logiciel embarqué (H/F),SparkyFlow,Marseille,€37K - €44K(Employer est.),CDI
Ingénieur(e) d’études mécaniques,UCETIA Consulting,La Garenne-Colombes,€34K - €45K(Employer est.),CDI
CDI - Ingénieur(e) CAO Industrielle H/F,Hermès Paris,Pantin,Non spécifié,CDI
Ingénieur logiciel H/F,CLEARSY,Lyon,€30K - €70K(Employer est.),CDI
Ingénieur méthodes H/F,PRODIGYUS,Valenciennes,€30K - €50K(Employer est.),CDI
Ingénieur Environnement Industriel (F/H),COMPAGNIE NATIONALE DU RHONE S.A.,Lyon,Non spécifié,CDD
Ingénieur-e d'études en biologie cellulaire,Inserm,Toulouse,€2K(Employer est.),CDD
Ingénieur (H/F),CNRS,Nantes,€3K(Employer est.),CDD
ALTERNANCE - Assistant (e) ingénieur énergies et qualité produit F/H,TotalEnergies,Tour-en-Sologne,Non spécifié,CDD
Ingénieur(e) batteries,Ouest Valorisation,Saint-Nazaire,Non spécifié,CDD
Ingénieur de recherche en ingénierie des matériaux F/H,GROUPE PIGEON - LCBTP,Lorient,Non spécifié,CDD
Ingénieur-e Développement Procédés Textile F/H,Safran,Itteville,Non spécifié,CDD
Ingénieur Industrialisation H/F,CORDENPHARMA CHENOVE,Dijon,€35K - €45K(Employer est.),CDD
Ingénieur Innovation H/F,CNRS INNOVATION,Paris,€45K(Employer est.),CDD
Ingénieur Amélioration Continue H/F,CCI des Côtes d'Armor,Saint-Brieuc,€28K - €30K(Employer est.),CDD
Ingénieur en analyses agroalimentaires,Agrolab France,Dijon,€2K(Employer est.),CDD
H/F Ingénieur en études mécaniques,CNRS,Marseille,€3K - €4K(Employer est.),CDD
Ingénieur.e Micro,Skyted,Labège,Non spécifié,CDD
Ingénieur en informatique dans l'expérience LHCb LPNHE/CPPM (H/F),CNRS,Paris,€3K - €4K(Employer est.),CDD
Ingénieur Chiffrage F/H,Safran,Loches,Non spécifié,CDD
Ingénieur Projet (H/F) - CDD (8 mois),Novo Nordisk,Chartres,Non spécifié,CDD
Ingénieur(e) d'Affaires Grands Comptes,TotalEnergies,Paris,Non spécifié,CDD
Ingénieur en électronique et informatique industrielle (H/F),SATT AxLR OCCITANIE MEDITERRANEE,Montpellier,€2K(Employer est.),CDD
Ingénieur Conception Mécanique (F/H),Roxel,Saint-Médard-en-Jalles,€39K(Employer est.),CDD
Ingénieur Assurance Qualité Projet H/F,Aerosoft France,Paris,Non spécifié,CDD
Ingénieur ou Ingénieure « IoT Center »,Ecole des Mines de Saint-Étienne,Gardanne,Non spécifié,CDD
Ingénieur Système Reseaux H/F,KAN CONSULTING SERVICES,Lyon,€3K - €6K(Employer est.),CDD
CDD - Ingénieur Méthodes et Procédés - Hermès Maroquinerie-Sellerie (H/F),Hermès Paris,Pantin,Non spécifié,CDD
Ingénieur Coordinateur industrialisation (H/F),INTERPARFUMS,Rouen,Non spécifié,CDD
INGÉNIEUR-E DE PRODUCTION H/F,Laboratoires Expanscience,Épernon,Non spécifié,CDD
Ingénieur cyberdéfense F/H,Ministère des Armées,Lyon,€42K - €48K(Employer est.),CDD
Ingénieur.e Conception Mécanique Mécatronique Confirmé.e,STELLAR ATHLETE,Metz,€45K - €50K(Employer est.),CDD
Ingénieur Génie Électrique (H/F) – Champigny-sur-Marne,ARTING,Champigny-sur-Marne,Non spécifié,CDD
Ingénieur R&D ROBOTIQUE COBOTIQUE (H/F),IRT Jules VERNE,Nantes,Non spécifié,CDD
Le Directeur / La Directrice du Pôle industriel du SYBERT,Grand Besançon Métropole,Besançon,Non spécifié,CDD
Ingénieure / Ingénieur Logiciel Embarqué Automobile - Strasbourg,Capgemini Engineering,Strasbourg,Non spécifié,CDI
Ingénieur définition outils logiciels – Secteur Automobile (F/H),Dassault Systèmes,Vélizy-Villacoublay,Non spécifié,CDI
Ingénieur Conception - Automobile - Lyon H/F,Ecm-Engineering-Conception-Maintenance,Lyon,€38K - €50K(Employer est.),CDI
Ingénieur Automobile Électronique,OneSide Technologies,Levallois-Perret,Non spécifié,CDI
Ingénieur Systèmes électriques / électroniques - Automobile H/F,VIVERIS,Villeurbanne,€35K - €45K(Employer est.),CDI
Ingénieur Logiciel Embarqué Prototype H/F,LID TECHNOLOGIES,Ramonville-Saint-Agne,€35K - €45K(Employer est.),CDI
Ingénieur(e) d’études mécaniques,UCETIA Consulting,La Garenne-Colombes,€34K - €45K(Employer est.),CDI
Ingénieur Validation H/F,Gaussin Macnica Mobility,Courbevoie,€45K - €50K(Employer est.),CDI
Ingénieur Mécatronique - Automobile - Lyon H/F,Ecm-Engineering-Conception-Maintenance,Saint-Priest,€45K - €52K(Employer est.),CDI
Ingénieur logiciel safety automobile H/F,LH&TECH,Toulouse,€34K - €42K(Employer est.),CDI
Ingénieur Test Logiciel Embarqué H/F,E2-CAD,Éragny,Non spécifié,CDI
Ingénieur(e) Qualité Logiciel,TMC FRANCE PARIS,Paris,€50K(Employer est.),CDI
Ingénieur méthode F/H,CADEV,Sorgues,€38K - €45K(Employer est.),CDI
Ingénieur développement logiciel embarqué H/F,Médiane Système,Vernon,€35K - €45K(Employer est.),CDI
Ingénieur/Ingénieure Validation Automobile Belfort,Capgemini Engineering,Belfort,Non spécifié,CDI
Ingénieur Système Automobile H/F,Expleo Group,Lyon,Non spécifié,CDI
Ingénieur Qualité Fournisseur H/F,ICE TECH,Compiègne,€36K - €50K(Employer est.),CDI
Ingénieur Produit H/F,Defta service,Chessy,€35K - €55K(Employer est.),CDI
Ingénieur/Ingénieure systèmes électroniques Lyon,Capgemini Engineering,Lyon,Non spécifié,CDI
Ingénieure / Ingénieur DevOps- IDF,Capgemini Engineering,Paris,Non spécifié,CDI
Ingénieur Qualité Fournisseurs Projet (H/F),INOVELYA,Pacy-sur-Eure,€42K(Employer est.),CDI
Ingénieur des exigences logicielles automobile F/H,Capgemini Engineering,Paris,Non spécifié,CDI
Ingénieur sûreté de fonctionnement automobile ISO26262 (H/F),SECTOR Group,Villebon-sur-Yvette,€35K(Employer est.),CDI
Ingénieur Amélioration Continue H/F,INGENICS SAS,Molsheim,€33K - €45K(Employer est.),CDI
Ingénieur CyberSécurité,Ecm-Engineering-Conception-Maintenance,Paris,€40K - €60K(Employer est.),CDI
Ingénieur Test et Validation H/F,Technology & Strategy,Lyon,€38K - €50K(Employer est.),CDI
Ingénieur logiciel embarqué H/F,Médiane Système,Chennevières-sur-Marne,Non spécifié,CDI
Ingénieur DevOps,LR Technologies,Massy,€43K - €50K(Employer est.),CDI
Ingénieur / Ingénieure Cœur de Réseaux Paris,Capgemini Engineering,Paris,Non spécifié,CDI
Ingénieur Etudes Electricité Courant faible,Energeo Technologies,Saint-Denis,€45K - €60K(Employer est.),CDI
Ingénieur Assurance Qualité Projet H/F,Aerosoft France,Paris,Non spécifié,CDD
CDD - 18 MOIS - INGENIEUR QUALITE OPERATIONNELLE - H/F,Hermès Paris,Le Vaudreuil,Non spécifié,CDD
Responsable Qualité Développement Produits CDD F/H,Steep Plastique,Saint-Maurice-de-Beynost,€45K - €55K(Employer est.),CDD
[UT] Responsable pôle méthodes (H/F),Université fédérale Toulouse Midi-Pyrénées,Toulouse,Non spécifié,CDD
Dessinateur-Projeteur mécanique H/F,AMEG Group,Lyon,Non spécifié,CDD
CHEF/CHEFFE DE LA MISSION DE PROXIMITE AVEC LES USAGERS EN ILE DE FRANCE,Ministère de l'europe et des affaires étrangères,Paris,€61K - €104K(Employer est.),CDD
"INGENIEUR, RESPONSABLE DU PATRIMOINE (H/F)",Grand Narbonne,Narbonne,Non spécifié,CDD
Conseiller Services Assurance Maladie (H/F),CPAM DE LA COTE D'OPALE,Calais,€2K(Employer est.),CDI
Téléconseiller en assurance H/F,Owliance - Tessi,Reims,€2K(Employer est.),CDI
"Agent ou agente de la relation client bord, SVEA Amiens",SNCF Voyageurs,Amiens,€27K - €30K(Employer est.),CDI
Courtier en assurance H/F,Ben's finance & Insurance,Paris,€1K - €4K(Employer est.),CDI
SAISONNIERS EMPLOYÉ POLYVALENT MAGASIN H/F LE MANS,SMYTHS TOYS FRANCE,La Chapelle-Saint-Aubin,€21K(Employer est.),CDI
Conseiller Services Assurance Maladie (H/F),CPAM DE LA COTE D'OPALE,Calais,€2K(Employer est.),CDD
Téléconseiller en assurance H/F,Owliance - Tessi,Reims,€2K(Employer est.),CDD
"Agent ou agente de la relation client bord, SVEA Amiens",SNCF Voyageurs,Amiens,€27K - €30K(Employer est.),CDD
Courtier en assurance H/F,Ben's finance & Insurance,Paris,€1K - €4K(Employer est.),CDD
SAISONNIERS EMPLOYÉ POLYVALENT MAGASIN H/F LE MANS,SMYTHS TOYS FRANCE,La Chapelle-Saint-Aubin,€21K(Employer est.),CDD
Stage Stagiaire Communication & Community Manager F/H,ELENI SIEGE,Paris,Non spécifié,CDI
Stage - Community Manager - StartUp (H/F),Imagina,Lyon,€624(Employer est.),CDI
Stage Community Manager Lyon H/F,Esekai Agency,Lyon,€600(Employer est.),CDI
Stage - Asset Manager Immobilier (Startup),Hestia,Paris,€800 - €1K(Employer est.),CDI
Stage - Data Manager,Hermès Paris,Fontenay-sous-Bois,Non spécifié,CDI
Stage Stagiaire Communication & Community Manager F/H,ELENI SIEGE,Paris,Non spécifié,CDD
Stage - Community Manager - StartUp (H/F),Imagina,Lyon,€624(Employer est.),CDD
Stage Community Manager Lyon H/F,Esekai Agency,Lyon,€600(Employer est.),CDD
Stage - Asset Manager Immobilier (Startup),Hestia,Paris,€800 - €1K(Employer est.),CDD
Stage - Data Manager,Hermès Paris,Fontenay-sous-Bois,Non spécifié,CDD
Analyste financier / Consultant financier (auprès des CSE) (H/F),SEXTANT EXPERTISE,Paris,Non spécifié,CDI
Ingénieur financier (f/m/d),HSBC,Paris,Non spécifié,CDI
Contrôleur financier (H/F),VINCI Concessions,Nanterre,Non spécifié,CDI
Ingénieur Junior Projet Energies Renouvelables F/H,Keolis SA,Le Mans,Non spécifié,CDI
Ingénieur électronique H/F,CLEARSY,Lyon,€30K - €70K(Employer est.),CDI
Ingénieur génie civil (H/F),Leaf Ingenierie,Boulogne-Billancourt,€30K - €60K(Employer est.),CDI
Ingénieur validation formelle de données sécuritaires H/F,CLEARSY,Aix-en-Provence,€30K - €70K(Employer est.),CDI
Ingénieur Financier H/F,Banque Populaire Rives de Paris,Paris,Non spécifié,CDI
Ingénieur Validation Logicielle H/F,CLEARSY,Aix-en-Provence,€30K - €70K(Employer est.),CDI
Ingénieur étude H/F,PJE Consulting,Hindisheim,€3K - €4K(Employer est.),CDI
Ingénieur Méthodes/Industrialisation,Ogmios developpement,Toulon,€45K - €60K(Employer est.),CDI
Ingénieur ou ingénieure hydraulique canal,Département de Loire-Atlantique,Nozay,Non spécifié,CDI
Ingénieur validation de données F/H,CLEARSY,Aix-en-Provence,€30K - €70K(Employer est.),CDI
Ingénieur mécanique H/F,HENSOLDT France,Plaisir,€45K(Employer est.),CDI
Ingénieur d'affaire H/F,Acaly,Paris,€40K(Employer est.),CDI
Ingénieur efficacité énergétique F/H,EIFFAGE ENERGIE SYSTEMES,Pessac,Non spécifié,CDI
Ingénieur CVC,Potentia Technologies,Paris,€21K - €50K(Employer est.),CDI
Ingénieur / Ingénieure R&D,OCEA,Saint-Nazaire,Non spécifié,CDI
Ingénieur Financier H/F,Crédit Agricole Assurances,Paris,Non spécifié,CDI
Ingénieur(e) travaux VRD,UCETIA Consulting,La Garenne-Colombes,€34K - €45K(Employer est.),CDI
Ingénieur Etudes et Projets Junior H/F/X,Paprec Group,Paris,Non spécifié,CDI
Ingénieur stratégie Énergie-Carbone – (H/F),Briks Recruitment,Paris,€40K - €47K(Employer est.),CDI
Contrôleur financier F/H,Orano,Châtillon,Non spécifié,CDI
Ingénieur mécanique H/F,BTM Consultants,Paris,Non spécifié,CDI
Ingénieur CVC H/F,Extia Ingenierie,Nantes,Non spécifié,CDI
Ingénieure/Ingénieur Génie Civil - LYON,Capgemini Engineering,Lyon,Non spécifié,CDI
Ingénieur en études mécaniques et développement F/H,NEYRTEC MINERAL,Lorient,€35K - €45K(Employer est.),CDI
Ingénieur Bureau d'études Techniques H/F,TSO,Chelles,€40K - €45K(Employer est.),CDI
Ingénieur efficacité énergétique CVC F/H,Eiffage Énergie Systèmes,Pessac,Non spécifié,CDI
Ingénieur Qualité Projet,TMC FRANCE PARIS,Paris,€45K(Employer est.),CDI
Assistant administratif (H/F),CNRS,Meudon,€2K - €4K(Employer est.),CDD
Assistant administratif,Inserm,Paris,€2K - €3K(Employer est.),CDD
Assistant(e) administratif,DATTERBERG filiale GROUPE TABATABAI,Meyreuil,€24K - €28K(Employer est.),CDD
Gestionnaire Financier H/F,CNRS,Orléans,€2K(Employer est.),CDD
Gestionnaire administratif et financier – Gestionnaire de projet,Ecole des Mines de Saint-Étienne,Gardanne,Non spécifié,CDD
Ingénieur Innovation H/F,CNRS INNOVATION,Paris,€45K(Employer est.),CDD
Ingénieur d'étude en traitement et analyse de données (H/F),CNRS,Clermont-Ferrand,€2K(Employer est.),CDD
Ingénieur chargé d'études H/F,COMMUNAUTE AGGLOMERATION CANNES PAYS DE LERINS,Cannes,€2K - €3K(Employer est.),CDD
GESTIONNAIRE ADMINISTRATIF ET FINANCIER F/H,Inserm,Paris,€2K - €3K(Employer est.),CDD
Ingénieur(e) d'Affaires Grands Comptes,TotalEnergies,Paris,Non spécifié,CDD
Gestionnaire financier polyvalent (f/h),Université Grenoble Alpes,Saint-Martin-d'Hères,€2K(Employer est.),CDD
CHARGE DE SUIVI FINANCIER - PROGRAMME DE RECHERCHE,Inserm,Paris,€2K - €3K(Employer est.),CDD
Ingénieur(e) Reporting & Finance,AQUALIA France,Andrésy,Non spécifié,CDD
Ingénieur Projets Européens ASDESR H/F,Université de Lille,Lille,€25K - €38K(Employer est.),CDD
Assitant administratif - h/f,Inserm,Paris,€2K - €3K(Employer est.),CDD
Gestionnaire financier ou gestionnaire financière (H/F),CNRS,Saint-Martin-d'Hères,€2K(Employer est.),CDD
Technicien.ne en gestion administrative,Inserm,Reims,€2K - €3K(Employer est.),CDD
Contrôleur de gestion H/F,Groupe Coopératif Maïsadour,Haut-Mauco,€32K - €35K(Employer est.),CDD
Coordinateur·trice RH,Inserm,Paris,€2K - €3K(Employer est.),CDD
Gestionnaire administratif-ve,Inserm,Clermont-Ferrand,€2K(Employer est.),CDD
Chargé de suivi financier programme de recherche - h/f,Inserm,Paris,€2K - €3K(Employer est.),CDD
Ingénieur Dépollution H/F,VALGO,La Chevrolière,€30K - €45K(Employer est.),CDD
Gestionnaire Financier H/F à Grenoble,Inria,Grenoble,Non spécifié,CDD
Des ingénieur.es - chargé.es d'opération,Grand Besançon Métropole,Besançon,Non spécifié,CDD
SIEGE Ingénieur Biomédical H/F,La Chaine de l'Espoir,Paris,Non spécifié,CDD
Chargé de développement économique - Environnement,Artisanat,Verdun,€2K(Employer est.),CDD
Gestionnaire financier au sein du pôle comptabilité (H/F),CNRS,Grenoble,€2K(Employer est.),CDD
Ingénieur qualité pole gérontologie clinique et chargé de projets H/F,CHU de Nantes,Nantes,Non spécifié,CDD
Ingénieur en technologies de l'information et de la communication (H/F),Université Jean Moulin Lyon 3,Lyon,€28K - €40K(Employer est.),CDD
CDD - Contrôleur de Gestion H/F,Marionnaud,Paris,Non spécifié,CDD
Stage Stagiaire Communication & Community Manager F/H,ELENI SIEGE,Paris,Non spécifié,CDI
Stage - Community Manager - StartUp (H/F),Imagina,Lyon,€624(Employer est.),CDI
Stage Community Manager Lyon H/F,Esekai Agency,Lyon,€600(Employer est.),CDI
Stage - Asset Manager Immobilier (Startup),Hestia,Paris,€800 - €1K(Employer est.),CDI
Stage - Data Manager,Hermès Paris,Fontenay-sous-Bois,Non spécifié,CDI
Stage Stagiaire Communication & Community Manager F/H,ELENI SIEGE,Paris,Non spécifié,CDD
Stage - Community Manager - StartUp (H/F),Imagina,Lyon,€624(Employer est.),CDD
Stage Community Manager Lyon H/F,Esekai Agency,Lyon,€600(Employer est.),CDD
Stage - Asset Manager Immobilier (Startup),Hestia,Paris,€800 - €1K(Employer est.),CDD
Stage - Data Manager,Hermès Paris,Fontenay-sous-Bois,Non spécifié,CDD
Ingénieur.e – Data Scientist Fabrication Additive F/H,Safran,Le Haillan,Non spécifié,CDI
Data ingénieur - Data analyst - F/H,URSSAF CAISSE NATIONALE,Montreuil,€50K - €60K(Employer est.),CDI
Chargé d’analyse et d’expertise / Data Engineer / Data Scientist,Santé Publique France,Saint-Maurice,Non spécifié,CDI
Ingénieur Data Analyst Confirmé,IT-NEWVISION,Strasbourg,€45K - €50K(Employer est.),CDI
Ingénieur(e) expérimenté(e)– Data Science (H/F),eOdyn,Plouzané,€40K - €50K(Employer est.),CDI
Data Analyst / Data Engineer,Infogene,Neuilly-sur-Seine,Non spécifié,CDI
Ingénieur-e analyste des données de vols et des services,Safran,Gonfreville-l'Orcher,Non spécifié,CDI
CDI - Lead Data Analyst / Analytics Engineer (H/F),Hermès Paris,Paris,Non spécifié,CDI
Ingénieur Data Scientist / Développeur en Modélisation Statistique (H/F),Inria,Montbonnot-Saint-Martin,€3K(Employer est.),CDD
Ingénieur Data Scientist / Développeur en Modélisation Statistique (H/F),Vergorà,Montbonnot-Saint-Martin,€3K(Employer est.),CDD
"Ingénieur en science des données, données de santé, NLP (H/F)",Université Claude Bernard Lyon 1,Bron,€2K - €3K(Employer est.),CDD
Ingénieur de recherche en sciences des données H/F,CHU de Poitiers,Poitiers,Non spécifié,CDD
Research Engineer/Postdoc - Bioinformatics and Data Analysis (M/F) H/F,Institut Imagine,Paris,Non spécifié,CDD
Ingénieur(e) logiciel junior systèmes électriques,Artelys,Paris,Non spécifié,CDI
Ingénieur Logiciel Embarqué H/F,SYT Technologies,Morières-lès-Avignon,€40K - €50K(Employer est.),CDI
INGÉNIEUR(E) LOGICIEL EMBARQUÉ F/H/X,IT link,Lyon,€38K - €45K(Employer est.),CDI
Ingénieur Développement Logiciel Embarqué [IoT] F/H,ville-cholet.fr,Cholet,Non spécifié,CDI
Ingénieur·e développement logiciel F/H,ESRF,Grenoble,Non spécifié,CDI
Ingénieur Test et Validation H/F,CLEARSY,Paris,€30K - €50K(Employer est.),CDI
Ingénieur,CLEARSY,Lyon,€30K - €50K(Employer est.),CDI
Ingénieur Développement produit F/H,KADRA Consultants,Toulon,€43K - €46K(Employer est.),CDI
Ingénieur bureau d'études H/F,SMT épocal,Melun,€46K(Employer est.),CDI
Ingénieur Méthodes F/H,INGEVA,Boulogne-Billancourt,€30K - €50K(Employer est.),CDI
Ingénieur Méthodes Maintenance H/F,ALPHA MAINTENANCE,Port-de-Bouc,€30K - €45K(Employer est.),CDI
Ingénieur validation de données F/H,CLEARSY,Aix-en-Provence,€30K - €70K(Employer est.),CDI
Ingénieur d'études et développement C/C++ Embarqué F/H,CRISTAL SOLUTIONS,Cergy,€35K - €55K(Employer est.),CDI
Ingénieure/ Ingénieur chercheur en génie civil F/H,EDF,Saclay,€45K - €55K(Employer est.),CDI
Ingénieur DEVOPS,AVALIANCE,Paris,€44K - €80K(Employer est.),CDI
Ingénieur(e) développement C# .NET / Javascript,Avisto,Cachan,Non spécifié,CDI
Ingénieure / Ingénieur développement électronique radiofréquence (RF) PARIS,Capgemini Engineering,Paris,Non spécifié,CDI
Ingénieur Test Intégration Validation F/H,CRISTAL SOLUTIONS,Conflans-Sainte-Honorine,€35K - €50K(Employer est.),CDI
INGÉNIEUR.E DÉVELOPPEMENT C EMBARQUÉ (H/F/X),IT link,Strasbourg,€37K - €42K(Employer est.),CDI
Ingénieur de projet Supply Chain,OneSide Technologies,Metz,Non spécifié,CDI
Ingénieure ou Ingénieur R&D Electronique de puissance Batteries & véhicules électriques,NORAUTO,Villeneuve-d'Ascq,Non spécifié,CDI
INGÉNIEUR AUTOMATICIEN (H/F/X),IT link,Montpellier,€40.00 - €45.00Per Hour(Employer est.),CDI
Ingénieur Support Technique - Air Ambiant,ENVEA,Poissy,Non spécifié,CDI
TLSE - ingénieur conception moules injection & outillages,AYES Consulting,Toulouse,€32K - €45K(Employer est.),CDI
Ingénieur calcul mécanique 3D F/H,Edvance,Montrouge,€42K - €47K(Employer est.),CDI
Ingénieure / Ingénieur Logiciel Azure NANCY,Capgemini,Nancy,Non spécifié,CDI
INGÉNIEUR TEST ET VALIDATION (H/F/X),IT link,Lyon,€38K - €45K(Employer est.),CDI
Ingénieur Système Electrotechnique (H/F),CRDL,Étupes,Non spécifié,CDI
Ingénieure / Ingénieur Logiciel Azure NANCY,Capgemini,Nancy,Non spécifié,CDI
INGENIEUR PROCEDES MECANIQUE,SOGEMA,Avignon,€3K - €5K(Employer est.),CDI
ALTERNANT COMMUNICATION,La Bouclette,Émerainville,€2K(Employer est.),CDD
Ingénieur-e d'études,Inserm,Marseille,Non spécifié,CDD
Ingénieur de recherche en génie logiciel pour les modèles émergents en IA H/F,CEA,Grenoble,Non spécifié,CDD
Ingénieur en biologie cellulaire et biochimie-IE,Inserm,Nice,€2K(Employer est.),CDD
Ingénieur de recherche en développement logiciel HPC (H/F),CNRS,Annecy,Non spécifié,CDD
Assistant Ingénieur en techniques et analyses biologiques,Inserm,Nice,€2K - €3K(Employer est.),CDD
Assistant administratif,Inserm,Paris,€2K - €3K(Employer est.),CDD
Assistant ingénieur en biologie (H/F),Inserm,Nantes,€2K - €3K(Employer est.),CDD
Ingénieur (H/F),CNRS,Toulouse,€2K - €3K(Employer est.),CDD
Ingénieur ou Ingénieure « IoT Center »,Ecole des Mines de Saint-Étienne,Gardanne,Non spécifié,CDD
Secrétaire medical administratif,ACMS,Levallois-Perret,Non spécifié,CDD
Ingénieur en microrobotique pour l'exploration spatiale (H/F),CNRS,Montbéliard,€3K(Employer est.),CDD
Assitant administratif - h/f,Inserm,Paris,€2K - €3K(Employer est.),CDD
Epidémiologiste,Inserm,Bron,€3K(Employer est.),CDD
Doctorant(e) (H/F),CNRS,Montpellier,€2K(Employer est.),CDD
Ingénieur.e Conception Mécanique Mécatronique Confirmé.e,STELLAR ATHLETE,Metz,€45K - €50K(Employer est.),CDD
Coordinateur·trice RH,Inserm,Paris,€2K - €3K(Employer est.),CDD
Technicien.ne en gestion administrative,Inserm,Reims,€2K - €3K(Employer est.),CDD
Gestionnaire administratif-ve,Inserm,Clermont-Ferrand,€2K(Employer est.),CDD
Assistant ingénieur en expérimentation et instrumentation biologiques (F/H),Inserm,Tours,€2K(Employer est.),CDD
Ingénieur Process Expert F/H,Adionics,Les Ulis,Non spécifié,CDD
Gestionnaire d'application assistance support,Inserm,Paris,€2K - €3K(Employer est.),CDD
Chercheur postdoctorant (H/F),CNRS,Saclay,€3K - €5K(Employer est.),CDD
Ingénieur de Recherche en Résonance Magnétique Nucléaire F/H,Aix-Marseille Université,Marseille,Non spécifié,CDD
Assistant en études mécaniques pour le bureau d'études d'IRPHE F/H,Aix-Marseille Université,Marseille,€24K - €30K(Employer est.),CDD
Assistant.e de communication et relations publiques - F/H (H/F),Université Sorbonne Paris Nord,Villetaneuse,Non spécifié,CDD
Ingénieur(e) H/F de Recherche: Expert en calcul scientifique,CNRS,Toulouse,€3K - €4K(Employer est.),CDD
CHARGE DE PROJET - PROGRAMME DE RECHERCHE,Inserm,Paris,€2K - €4K(Employer est.),CDD
Chargé des contrats de recherche,Inserm,Paris,€2K - €4K(Employer est.),CDD
Assistant opérationnel H/F - CDD - Temps plein,E.P.A. MARNE,Champs-Sur-Marne,€2K - €4K(Employer est.),CDD
Ingénieur Full Stack F/H,SKYINCAP,Nice,€37K(Employer est.),CDI
Ingénieur Full Stack Java - (H/F/X),Arolla,France,€50K - €70K(Employer est.),CDI
Développeur Full Stack H/F,Link Mobility,Riorges,Non spécifié,CDI
Développeur Full Stack H/F,Coddity,Paris,€40K - €50K(Employer est.),CDI
Ingénieur Full Stack React sur AWS,Pixstart SAS,Toulouse,€38K - €48K(Employer est.),CDI
Ingénieur full stack (F/H),Oktogone Group,Antibes,€45K - €65K(Employer est.),CDI
Développeur Full Stack H/F,DEVEO,France,€3K - €5K(Employer est.),CDI
Ingénieur/Ingénieure développement Full-stack - Aix-en-Provence,Capgemini,Aix-en-Provence,Non spécifié,CDI
Développeur Full Stack H/F,CERVVAL,Plouzané,€32K - €38K(Employer est.),CDI
Ingénieur développeur full stack Atelier B H/F,CLEARSY,Lyon,€30K - €70K(Employer est.),CDI
Ingénieur étude et développement Full-Stack H/F,Cleeven Se,Biot,€25K - €40K(Employer est.),CDI
Développeur Full Stack - Act21 H/F,Baker Tilly,Toulouse,Non spécifié,CDI
Ingénieur-e de dévelopment d’application cloud full-stack H/F,Dassault Systèmes,Vélizy-Villacoublay,Non spécifié,CDI
Développeur Full Stack Python H/F,Noveo,Marcq-en-Baroeul,€45K - €49K(Employer est.),CDI
Développeur Full stack H/F,Adentis,Grenoble,€35K - €45K(Employer est.),CDI
Développeur full stack (h/f),Lidl France,Strasbourg,Non spécifié,CDI
Lead Full Stack Developer,Lixo,Paris,€50K - €65K(Employer est.),CDI
Ingénieur développement Python / Javascript,Avisto,Vallauris,Non spécifié,CDI
Ingénieur/Ingénieure développement Full-stack - Aix-en-Provence,Capgemini,Aix-en-Provence,Non spécifié,CDI
Développeur Full Stack H/F,SAS NEVEA,Vergt,€28K - €31K(Employer est.),CDI
Développeur Full Stack F/H,Vibratec,Écully,€38K - €44K(Employer est.),CDI
Développeur Full stack Java et Angular,VIF,La Chapelle-sur-Erdre,Non spécifié,CDI
Développeur Full Stack NodeJS / VueJS – F/H – Lille,engIT,Lille,€42K - €48K(Employer est.),CDI
Développeur Full Stack expérimenté (H/F),URSSAF CAISSE NATIONALE,Valbonne,Non spécifié,CDI
Développeur Logiciel Full-Stack Angular/Java (H/F),ICE (Industrielle de Contrôle et d'Equipement),Alfortville,€50K - €55K(Employer est.),CDI
Développeur Full Stack Java / Angular H/F,AFD Technologies,Aix-en-Provence,€37K - €47K(Employer est.),CDI
Développeur Fullstack Web F/H,web2roi,Nice,€32K - €45K(Employer est.),CDI
Ingénieure / Ingénieur Full Stack confirmé,Capgemini,Toulouse,Non spécifié,CDI
Développeur Full Stack (F/H) - Lille,BPCE Solutions Informatiques,Villeneuve-d'Ascq,Non spécifié,CDI
Développeur Full Stack Angular/PHP Symfony H/F,Inetum,Mougins,Non spécifié,CDI
Développeur Full-Stack confirmé - F/H,Civils de la Défense,Bruz,Non spécifié,CDD
Ingénieur de recherche en sciences des données H/F,CHU de Poitiers,Poitiers,Non spécifié,CDD
Software Engineer R&D - Backend - Junior,ActiveViam,Paris,Non spécifié,CDD
Junior Software Engineer,Artefact,Paris,Non spécifié,CDD
Software Engineer (trading) H/F,Constella,Courbevoie,Non spécifié,CDD
iOS Software Engineer (Stage) - EY FABERNOVEL - JANVIER/FEVRIER 2025,EY,Paris,Non spécifié,CDD
Junior Software Engineer,Ledger,Paris,Non spécifié,CDD
Ingénieur ou Ingénieure Réseaux de Transmission,SNCF Cadres,Saint-Denis,Non spécifié,CDI
Ingénieur Exploitation Réseaux,SAFARI TECHNOLOGIES,Lyon,€40K - €45K(Employer est.),CDI
Ingénieur / Ingénieure Cœur de Réseaux Paris,Capgemini Engineering,Paris,Non spécifié,CDI
Ingénieur Sécurité Réseaux H/F,STEP UP,Lyon,€35K - €40K(Employer est.),CDI
Ingénieur(e) logiciel junior systèmes électriques,Artelys,Paris,Non spécifié,CDI
"Ingénieur/ Architecte Système, Réseaux et Sécurité H/F",SMILY RH / SMILINK,Lyon,Non spécifié,CDI
INGÉNIEUR(E) V&V RÉSEAUX (H/F/X),IT link,Lyon,€38K - €45K(Employer est.),CDI
Ingénieur Sécurité et Réseaux (F/H),SUEZ,Courbevoie,Non spécifié,CDI
Ingénieur - Intelligence Artificielle embarquée H/F,IRT Railenium,Saint-Denis,€35K(Employer est.),CDI
Ingénieur d'Affaires Réseaux d'énergies F/H,VINCI Energies,Six-Fours-les-Plages,Non spécifié,CDI
Ingénieur Systèmes et Réseaux H/F,SERENE UP,France,Non spécifié,CDI
Ingénieur Réseaux et Sécurité H/F,SNS SECURITY,Lyon,€55K - €65K(Employer est.),CDI
Ingénieur support réseaux et sécurité N3 H/F,NXO France,Rueil-Malmaison,€45K - €50K(Employer est.),CDI
Ingénieur d'études structure junior H/F,Tractebel,Saint-Ouen,Non spécifié,CDI
Ingénieur réseaux H/F,DCS GROUP,Vienne,€50K - €55K(Employer est.),CDI
Ingénieur(e) Cybersécurité et Réseaux,KYRON Solutions Informatiques,Puteaux,Non spécifié,CDI
Ingénieur R&D Systèmes et Réseaux Embarqués H/F,ville-cholet.fr,Trémentines,€45K - €60K(Employer est.),CDI
Ingénieur réseaux et systèmes H/F,EIFFAGE ENERGIE SYSTEME,Lyon,Non spécifié,CDI
Ingénieur Systèmes et Réseaux H/F,FONDATION PARTAGE ET VIE,Montrouge,Non spécifié,CDI
Ingénieur Systèmes et Réseaux H/F,Apy Consult,Valence,€38K - €45K(Employer est.),CDI
Ingénieur sécurité réseaux,ENGIT,Noisy-le-Grand,Non spécifié,CDI
Ingénieur Systèmes et Réseaux (H/F),KOESIO,Villeurbanne,Non spécifié,CDI
Ingénieur Cybersécurité,Arsium,Villeurbanne,€45K - €55K(Employer est.),CDI
Ingénieur électronique logiciel embarqué (H/F),SparkyFlow,Marseille,€37K - €44K(Employer est.),CDI
Ingénieur QHSE H/F,Sucheme,Puteaux,€40K - €41K(Employer est.),CDI
Ingénieur Réseaux et Sécurité F/H,ville-cholet.fr,Les Cerqueux,Non spécifié,CDI
Ingénieur Réseaux et Sécurité H/F,Opsynet,Créteil,€40K - €50K(Employer est.),CDI
Ingénieur Exploitation junior H/F,PAPREC,Saint-Benoît-la-Forêt,Non spécifié,CDI
Ingénieur / Ingénieure Fluides Sécurité Réseaux,OCEA,Les Sables-d'Olonne,Non spécifié,CDI
"Ingénieur ou ingénieure Hygiène, santé, sécurité, environnement",Département de Loire-Atlantique,Saint-Herblain,Non spécifié,CDI
Ingénieur systèmes et réseaux H/F,VILLE D'ARGENTEUIL,Argenteuil,€2K(Employer est.),CDD
Ingénieur-e d'études en biologie cellulaire,Inserm,Toulouse,€2K(Employer est.),CDD
Ingénieur Systèmes et Réseaux (H/F),Conseil départemental de l'Aveyron,Rodez,Non spécifié,CDD
Ingénieur-e en tenchniques biologiques,Inserm,Toulouse,€2K(Employer est.),CDD
Administrateur-trice systèmes et réseaux (H/F),CNRS,Gif-sur-Yvette,€2K - €3K(Employer est.),CDD
Ingénieur (H/F),CNRS,Nantes,€2K - €3K(Employer est.),CDD
Ingénieur Système & Réseaux,Université du Littoral Côte d'Opale (ULCO),Calais,€2K(Employer est.),CDD
Ingénieur Data Scientist / Développeur en Modélisation Statistique (H/F),Inria,Montbonnot-Saint-Martin,€3K(Employer est.),CDD
Ingénieur développement logiciel - DevOps H/F,CNRS,Orsay,€2K(Employer est.),CDD
Assistant.e ingénieur.e (H/F),CNRS,Villeneuve-d'Ascq,€2K(Employer est.),CDD
Ingénieur(e) en cybersécurité F/H,Université de Rouen Normandie,Mont-Saint-Aignan,€2K(Employer est.),CDD
"Ingénieur en Hygiène, Sécurité et Environnement (H/F)",CNRS,Palaiseau,€3K(Employer est.),CDD
PH11390 Ingénieur.e de recherche en développement logiciel,Université Paris Cité,Paris,Non spécifié,CDD
Ingénieur ou Ingénieure « IoT Center »,Ecole des Mines de Saint-Étienne,Gardanne,Non spécifié,CDD
Ingénieur Système Stockage et Virtualisation,Espritek,Toulon,€5K(Employer est.),CDD
Ingénieur Environnement Industriel (F/H),COMPAGNIE NATIONALE DU RHONE S.A.,Lyon,Non spécifié,CDD
ingénieur.e systèmes,Grand Besançon Métropole,Besançon,Non spécifié,CDD
Ingénieur prévention des risques chimiques F/H,Aix-Marseille Université,Marseille,Non spécifié,CDD
Chef de projets infrastructure et réseaux (H/F),Exodata,France,€35K(Employer est.),CDD
Ingénieur d’étude en Informatique H/F,UNIVERSITE DE PERPIGNAN,Tautavel,€24K - €28K(Employer est.),CDD
Ingénieur d'étude et développement de logiciels - F/H,Grenoble-INP,Saint-Martin-d'Hères,€3K(Employer est.),CDD
Ingénieur·e en techniques expérimentales H/F,Université de Lille,Tourcoing,€3K(Employer est.),CDD
CDD - Ingénieur(e) sécurité environnement H/F,CEA,Grenoble,Non spécifié,CDD
CDD – GIP ATGeRi – Ingénieur(e)/Technicien(ne) SIG – H/F – Bordeaux (33),GIP ATGeRi,Bordeaux,Non spécifié,CDD
CDD - Ingénieur(e) Logiciel HPC Topologie pour projet européen Net4Exa F/H,CEA,Bruyères-le-Châtel,Non spécifié,CDD
"Un(e) Administrateur réseaux, système et support H/F",Grand Lac communauté d’agglomération,Aix-les-Bains,Non spécifié,CDD
Ingénieur-e d’études en instrumentation et pilotage d’essais H/F,INSA TOULOUSE,Toulouse,€2K - €3K(Employer est.),CDD
CDD - Ingénieur Analyse des déformations de cristaux de silicium pour application photovoltaïque H/F,CEA,Le Bourget-du-Lac,Non spécifié,CDD
Ingénieur Informatique Industrielle Salle Blanche H/F,CEA,Grenoble,Non spécifié,CDD
Ingénieur de recherche - Expert en développement d'instrument (f/h),Université Grenoble Alpes,La Tronche,€2K(Employer est.),CDD
Project engineer Trainee (Marseille ou Lyon),ECOLAB,Marseille,€1K - €2K(Employer est.),CDI
YACHT PROJECT ENGINEER,Palmer Johnson,France,Non spécifié,CDI
CDI - Project Contract Engineer F/H,TotalEnergies,France,Non spécifié,CDI
Junior Project Engineer Life Sciences,ISALYS Group,Paris,Non spécifié,CDI
Engineering Project Engineer,SBM Offshore,Marly,Non spécifié,CDI
